,Title,Year
0,(nostalgia),1971
1,(The [End) of History Illusion]: Miu Miu Women's Tales #14,2017
2,...And the Pursuit of Happiness,1986
3,...But Film is My Mistress,2010
4,13 Days in France,1968
5,16 Days of Glory,1986
6,2 Days in Paris,2007
7,2 or 3 Things I Know About Her,1967
8,2010,1984
9,21 Days,1940
10,3 Godfathers,1949
11,4 for Texas,1963
12,49th Parallel,1941
13,71 Fragments of a Chronology of Chance,1994
14,8 1/2,1963
15,A Brief History of Time,1991
16,A Brighter Summer Day,1991
17,A Canterbury Tale,1944
18,A Christmas Tale,2008
19,A Colt Is My Passport,1967
20,A Dancer's World,1957
21,A Day in the Country,1936
22,A Day with the Boys,1969
23,A Day's Pleasure,1919
24,A Dog's Life,1918
25,A Flame At the Pier,1962
26,A Fuller Life,2013
27,A Generation,1955
28,A Gentle Night,2017
29,A Hard Day's Night,1964
30,A Hen in the Wind,1948
31,A Kid For Two Farthings,1955
32,A King in New York,1957
33,A Legend or Was it?,1963
34,A Lesson in Love,1954
35,A Life of Her Own,1950
36,A Man Escaped,1956
37,A Man There Was,1917
38,A Married Couple,1969
39,A Master Builder,2014
40,A Mighty Wind,2003
41,A Modern Coed,1966
42,A Mother Should Be Loved,1934
43,A Night to Remember,1958
44,A Nos Amours,1983
45,A Nous La Liberte,1931
46,A Page of Madness,1926
47,A Poem Is a Naked Person,1974
48,A Private Function,1984
49,A Quiet Life,1995
50,A Report on the Party and the Guests,1966
51,A River Called Titas,1973
52,A Room with a View,1986
53,A Short Film About Killing,1988
54,A Short Film About Love,1988
55,A Simple Curve,2005
56,A Slightly Pregnant Man,1973
57,A Song is Born,1948
58,A Special Day,1977
59,A Star is Born,1954
60,A Star is Born,1937
61,A Star is Born,1976
62,A Stolen Life,1946
63,A Story from Chikamatsu,1954
64,A Story of Floating Weeds,1934
65,A Straightforward Boy,1929
66,A Taste of Honey,1961
67,A Taxing Woman,1987
68,A Taxing Woman's Return,1988
69,A Touch of Zen,1971
70,A Turning Point,1984
71,A Walk in the Sun,1946
72,A Well Spent Life,1971
73,A Woman of Affairs,1928
74,A Woman of Paris,1923
75,A Woman Under the Influence,1974
76,A Woman's Face,1938
77,A Woman's Face,1941
78,ABBA: The Movie,1977
79,Above Suspicion,1943
80,"Acera, or the Witches' Dance",1972
81,Across The Pacific,1942
82,Across the Universe,2007
83,Across to Singapore,1928
84,Action in the North Atlantic,1943
85,Adam's Rib,1949
86,Adventures of a Dentist,1965
87,Adventures on the New Frontier,1961
88,Aimée and Jaguar,1999
89,Alain Mimoun,1959
90,Alambrista,1977
91,Alexander Nevsky,1938
92,Ali: Fear Eats the Soul,1974
93,Alice Adams,1935
94,Alice In The Cities,1974
95,Alice's Mysterious Mystery,1926
96,All Monsters Attack,1969
97,All My Good Countrymen,1969
98,All Night Long,1963
99,All Screwed Up,1974
100,All The Boys Are Called Patrick,1959
101,All These Women,1964
102,All Through the Night,1942
103,Always For Pleasure,1978
104,Amarcord,1973
105,An Act of Love,2018
106,An Actor's Revenge,1963
107,An Angel at My Table,1990
108,An Autumn Afternoon,1962
109,An Eastern Westerner,1920
110,An Enemy of the People,1989
111,An Exercise in Discipline: Peel,1982
112,An Ideal Husband,1947
113,An Inn in Tokyo,1935
114,An Innocent Witch,1965
115,Anchors Aweigh,1945
116,And Everything Is Going Fine,2010
117,And God Created Woman,1956
118,And the Ship Sails On,1984
119,And the Whole Sky Fit in the Dead Cow's Eye,2016
120,Andrei Rublev,1966
121,Androcles and the Lion,1952
122,Ankur,1974
123,Anna Boleyn,1920
124,Anna Karenina,1948
125,Anne-Marie,1936
126,Annie Oakley,1935
127,Antichrist,2009
128,Antoine and Colette,1962
129,Antonio Gaudi,1984
130,Aparajito,1956
131,Apart from You,1933
132,Apostasy,1948
133,Appalachian Spring,1958
134,Apur Sansar,1959
135,Ariel,1989
136,Army,1944
137,Arrest Bulldog Drummond,1938
138,Arrowed,2014
139,Arsenic and Old Lace,1944
140,Art,2014
141,As Long As You've Got Your Health,1966
142,Ashes And Diamonds,1958
143,Ask Father,1919
144,Asparagus,1979
145,Assassin,1964
146,Assassin(s),1997
147,Atlanta's Olympic Glory,1997
148,Au hasard Balthazar,1966
149,Au Revoir Les Enfants,1987
150,Auntie Mame,1958
151,Autumn Sonata,1978
152,Baal,1970
153,Babette's Feast,1987
154,Babo 73,1964
155,Baby Doll,1956
156,Bachelor in Paradise,1961
157,Back to Bataan,1945
158,Bad Night for the Blues,2010
159,Ball of Fire,1941
160,Ballad of a Soldier,1959
161,Ballad of a Worker,1962
162,Ballad of Orin,1977
163,Bandits vs. Samurai Squadron,1978
164,Barrios Altos,1987
165,Bath House,2014
166,Battleground,1949
167,Bay of Angels,1963
168,Beautiful Days,1955
169,Beauty and the Beast,1946
170,Bed and Board,1970
171,Before the Rain,1994
172,Begone Dull Care,1949
173,Behind the White Glasses,2015
174,Being There,1979
175,Being Two Isn't Easy,1962
176,Belle de Jour,1967
177,Beloved Enemy,1936
178,Benny's Video,1992
179,Bergman Island,2006
180,Berlin Express,1948
181,Betty Blue,1986
182,Beware of a Holy Whore,1971
183,Beyond All Barriers,1989
184,Beyond the Hills,2012
185,Beyond the Law,1968
186,Bhumika,1977
187,Bicycle Thieves,1948
188,Bienvenido Mr. Marshall!,1952
189,Big Deal on Madonna Street,1958
190,Big Jim McLain,1952
191,"Big Joys, Small Sorrows",1986
192,"Billy Blazes, Esq.",1919
193,Billy Budd,1962
194,Billy Liar,1963
195,Bitter Rice,1949
196,Black Girl,1966
197,Black Hand,1950
198,Black Jesus,1968
199,Black Legion,1937
200,Black Lizard,1962
201,Black Moon,1975
202,Black Narcissus,1947
203,Black Orpheus,1959
204,Black Panthers,1968
205,Black River,1957
206,Black Something,2016
207,Black Sun,1964
208,Blaise Pascal,1972
209,Blind Chance,1981
210,Blithe Spirit,1945
211,Blood Alley,1955
212,Blood Simple,1984
213,Blossoms in the Dust,1941
214,Blow Up of “Blow-Up”,2016
215,Blue,1993
216,Bluebeard,1936
217,Bobby Bumps Starts for School,1917
218,Boccaccio '70,1962
219,Body Heat,1981
220,Boiling Point,1990
221,Bold King Cole,1936
222,Bonnie Prince Charlie,1948
223,Border Radio,1987
224,Boring Afternoon,1964
225,Borom Sarret,1963
226,Boudu Saved from Drowning,1932
227,Boy,1969
228,Boyhood,1951
229,Brainstorm,1983
230,Branded to Kill,1967
231,Breaker Morant,1980
232,Breaking the Waves,1996
233,Breathless,1960
234,Brief Encounter,1945
235,Bright Leaf,1950
236,Bringing Up Baby,1938
237,Broadway Rhythm,1944
238,Broken Drum,1949
239,Brothers and Sisters of the Toda Family,1941
240,Brute Force,1947
241,Bud Greenspan Presents Vancouver 2010: Stories of Olympic...,2010
242,Bud Greenspan's Athens 2004: Stories of Olympic Glory,2005
243,Bud Greenspan's Torino 2006: Stories of Olympic Glory,2007
244,Buena Vista Social Club,1999
245,Bulldog Drummond,1929
246,Bulldog Drummond at Bay,1937
247,Bulldog Drummond Comes Back,1937
248,Bulldog Drummond Escapes,1937
249,Bulldog Drummond in Africa,1938
250,Bulldog Drummond's Bride,1939
251,Bulldog Drummond's Peril,1938
252,Bulldog Drummond's Revenge,1937
253,Bulldog Drummond's Secret Police,1939
254,Bullitt,1968
255,Bullshot,1983
256,Bumping Into Broadway,1919
257,Bundle of Joy,1956
258,Burden of Dreams,1982
259,Burden of Life,1935
260,Burroughs: The Movie,1983
261,Butter Lamp,2013
262,Cabaret,1972
263,Caesar and Cleopatra,1945
264,Café au lait,1993
265,Cailleach,2014
266,Calcutta,1969
267,Calgary '88: 16 Days of Glory,1989
268,Call of Cuteness,2017
269,Camera Buff,1979
270,Cameraperson,2016
271,Canoa: A Shameful Memory,1976
272,Capricious Summer,1968
273,Capricorn One,1978
274,Captain Kidd's Kids,1919
275,Captains Courageous,1937
276,Caravaggio,1986
277,Carlos: Episode One,2010
278,Carlos: Episode Three,2010
279,Carlos: Episode Two,2010
280,Carlton-Browne of the F.O.,1960
281,Carmen Comes Home,1951
282,Carmen's Innocent Love,1952
283,Carnival in Flanders,1935
284,Carnival of Souls,1962
285,Carrots and Peas,1969
286,Cartesius: Part 1 (a.k.a. Descartes),1973
287,Cartesius: Part 2 (a.k.a. Descartes),1973
288,Cartoons on Tour,1915
289,Cash McCall,1960
290,Casque D'Or,1952
291,Casus belli,2010
292,Cat People,1942
293,Cemetery of Splendor,2015
294,Certified Copy,2010
295,Chafed Elbows,1965
296,Chains,1949
297,Chariots of Fire,1981
298,Charlotte et son Jules,1960
299,Charlotte Gray,2001
300,Charulata,1965
301,Checking Out,1989
302,Chevalier,2016
303,Chi è senza peccato...,1952
304,Children of Nagasaki,1983
305,Children of Paradise,1945
306,Chimes at Midnight,1965
307,Chinese Odyssey 2002,2002
308,Chinese Roulette,1976
309,Christopher Strong,1933
310,Chronicle of a Summer,1961
311,Chronicle of Anna Magdalena Bach,1968
312,Chungking Express,1994
313,"Ciao, Federico!",1970
314,Citizen Kane,1941
315,City Lights,1931
316,Claire's Knee,1970
317,"Clean, Shaven",1994
318,Close-Up,1990
319,Clouds of Sils Maria,2014
320,Cluny Brown,1946
321,Cléo from 5 to 7,1962
322,Coda,2013
323,Code Unknown,2000
324,Cold Dog Soup,1990
325,"Colonel Heeza Liar, Detective",1923
326,Colossal Youth,2006
327,Coma,1978
328,Come and See,1985
329,Come On Children,1972
330,Confidential Report,1955
331,Confidentially Yours,1983
332,Conflagration,1958
333,Conquest,1937
334,Conquest of the Air,1936
335,Convoy,1978
336,Cool Hand Luke,1967
337,Corridors of Blood,1959
338,Coup de Grâce,1976
339,Courage for Every Day,1964
340,Cours du soir,1967
341,"Cousin, Cousine",1975
342,Crazed Fruit,1956
343,Cries And Whispers,1972
344,Crime School,1938
345,Crisis,1946
346,Crisis: Behind a Presidential Commitment,1963
347,Critical Mass,1971
348,Cronos,1993
349,Crossing Delancey,1988
350,Cruel Gun Story,1964
351,Cruel Story of Youth,1960
352,Cry Terror!,1958
353,Cría cuervos . . .,1976
354,Cure,1997
355,César,1936
356,Daisies,1966
357,Daleks - Invasion Earth 2150 A.D.,1966
358,"Dance, Girl, Dance",1940
359,Danger Stalks Near,1957
360,Dangerous Liaisons,1988
361,Danton,1982
362,Daphnia,1928
363,Darby's Rangers,1958
364,Dark Passage,1947
365,Darling,1965
366,David Copperfield,1935
367,David Golder,1930
368,Day for Night,1973
369,Day of Wrath,1943
370,Daybreak Express,1953
371,Days of Glory,1944
372,Dead End,1937
373,Dead Man,1995
374,Dead Ringer,1964
375,Dead Ringers,1988
376,Death by Hanging,1968
377,Death Drums Along the River,1963
378,Death of a Cyclist,1955
379,Death Shadows,1986
380,Deathtrap,1982
381,December 7th,1943
382,Deep Crimson,1996
383,Deer Boy,2017
384,Demon Seed,1977
385,"Deprisa, Deprisa",1981
386,Derek,2008
387,Dersu Uzala,1975
388,Desert Hearts,1985
389,Designing Woman,1957
390,Destination Tokyo,1943
391,Destroy All Monsters,1968
392,Deux hommes dans Manhattan,1959
393,Devi,1960
394,Diabolique,1955
395,Dial M for Murder,1954
396,Diary of a Shinjuku Thief,1969
397,Diatoms,1968
398,Die Austernprinzessin,1919
399,Dillinger is Dead,1969
400,Dinky Doodle in Just Spooks,1925
401,Dinky Doodle in Lost and Found,1926
402,Divorce Italian Style,1962
403,Doctor Zhivago,1965
404,Documenteur,1981
405,Dodes'ka-den,1970
406,Dog Eat Dog,2008
407,Dogville,2003
408,Dollar,1938
409,Don Juan (Or if Don Juan Were a Woman),1973
410,Donkey Skin,1970
411,Donnie Brasco,1997
412,Dont Look Back,1967
413,Doodlebug,1997
414,Double Suicide,1969
415,Douce,1943
416,Dov’é la libertà…?,1954
417,Down By Law,1986
418,Down in the Delta,1998
419,Downhill,1927
420,Dr. Jack,1922
421,Dr. Jekyll and Mr. Hyde,1941
422,Dr. Jekyll and Mr. Hyde,1932
423,Dr. Who and the Daleks,1965
424,Dragnet Girl,1933
425,Dragon Inn,1967
426,Dreams,1955
427,Dreamscape,1984
428,Drugstore Cowboy,1989
429,Drunken Angel,1948
430,Dry Summer,1964
431,Dry Wood,1973
432,Du côté de la côte,1958
433,Duchess of Idaho,1950
434,Dumbland - Episode 1: The Neighbor,2002
435,Dumbland - Episode 2: The Treadmill,2002
436,Dumbland - Episode 3: The Doctor,2002
437,Dumbland - Episode 4: A Friend Visits,2002
438,Dumbland - Episode 5: Get the Stick!,2002
439,Dumbland - Episode 6: My Teeth Are Bleeding,2002
440,Dumbland - Episode 7: Uncle BOB,2002
441,Dumbland - Episode 8: Ants,2002
442,Dying at Grace,2003
443,Dégustation Maison,1978
444,Désiré,1937
445,Early Spring,1956
446,Early Summer,1951
447,Easy Living,1949
448,Eat Drink Man Woman,1994
449,Eating Raoul,1982
450,Edge of Darkness,1943
451,Edmond Was a Donkey,2012
452,Edward II,1991
453,"Edward, My Son",1949
454,Effi Briest,1974
455,Eijanaika,1981
456,Einstein's Universe,1979
457,El Sur,1983
458,El Topo,1970
459,Elena and Her Men,1956
460,Elephant Boy,1937
461,Elevator to the Gallows,1958
462,Emotion,1966
463,Empire of Passion,1978
464,En rachâchant,1982
465,Enchanted April,1991
466,Enchantment,1948
467,Endless Desire,1958
468,Endless Poetry,2016
469,Equinox,1970
470,Equinox Flower,1958
471,Eraserhead,1977
472,Europa,1991
473,Europa '51,1952
474,Europe '51,1952
475,Eva,1948
476,Evergreen,1934
477,Everlasting Moments,2008
478,Every Man For Himself,1980
479,Every-Night Dreams,1933
480,Everyone Off to Jail,1993
481,Everything Goes Wrong,1960
482,Evil Under the Sun,1982
483,Experiment Perilous,1944
484,Experimental Treatment of a Hemorrhage in a Dog,1930
485,Eyes Do Not Want to Close at All Times...,1970
486,Eyes Without a Face,1960
487,F for Fake,1973
488,Faces,1968
489,Faces of November,1964
490,Fall Guy,1982
491,Fallen Angels,1995
492,Fando and Lis,1967
493,Fanfan la Tulipe,1952
494,Fanny,1932
495,Fanny and Alexander: Episode 1,1982
496,Fanny and Alexander: Episode 2,1982
497,Fanny and Alexander: Episode 3,1982
498,Fanny and Alexander: Episode 4,1982
499,Fanny and Alexander: The Theatrical Version,1982
500,Fantastic Planet,1973
501,Far from the Madding Crowd,1967
502,Farewell to Dream,1956
503,Farewell to Spring,1959
504,"Farewell, My Lovely",1975
505,Fast Company,1938
506,Fat Girl,2001
507,"Fat, Bald, Short Man",2011
508,Father,1988
509,Fear,1954
510,Fear of a Black Hat,1993
511,Fear of Fear,1975
512,Feeling Good,2010
513,Feet First,1930
514,Felix Comes Back,1922
515,Ferdinando and Carolina,1999
516,Fermat's Room,2007
517,Festival,1967
518,Fiend Without A Face,1958
519,Fight Without Hate,1948
520,Fighting Elegy,1966
521,Fireman Save My Child,1919
522,Fires On the Plain,1959
523,Fireworks,1997
524,Fireworks Over the Sea,1951
525,First,2012
526,First Man Into Space,1959
527,Fish Tank,2009
528,Fishing with John - Episode 1: Montauk with Jim Jarmusch,1991
529,Fishing with John - Episode 2: Jamaica with Tom Waits,1991
530,Fishing with John - Episode 3: Costa Rica with Matt Dillon,1991
531,Fishing with John - Episode 4: Maine with Willem Dafoe,1991
532,"Fishing with John - Episode 5: Thailand with Dennis Hopper,...",1991
533,"Fishing with John - Episode 6: Thailand with Dennis Hopper,...",1991
534,Fists in the Pocket,1965
535,Five Corners,1987
536,Five Miles Out,2009
537,Flamingo Road,1949
538,Flesh and the Devil,1926
539,Floating Clouds,1955
540,Floating Weeds,1959
541,Flowing,1956
542,"Flunky, Work Hard!",1931
543,Following,1998
544,For All Mankind,1989
545,For Heaven's Sake,1926
546,Foreign Correspondent,1940
547,Forget Me Not,1936
548,Forza Bastia,2002
549,Fountainhead,1956
550,Four Weddings and a Funeral,1994
551,Fox and His Friends,1975
552,Frankenstein Created Woman,1967
553,Frankenstein Must Be Destroyed!,1969
554,French Cancan,1955
555,Freshwater Assassins,1947
556,Frisco Jenny,1932
557,From the Life of the Marionettes,1980
558,Frownland,2007
559,Full Moon in Paris,1984
560,Funny Games,1997
561,Fårö Document 1979,1980
562,Gai dimanche,1935
563,Games of the XXI Olympiad,1977
564,Gap-Toothed Women,1987
565,Garlic Is as Good as Ten Mothers,1980
566,Gaslight,1944
567,Gate of Flesh,1964
568,Gate of Hell,1953
569,Gates of Heaven,1978
570,General Della Rovere,1959
571,General Idi Amin Dada,1974
572,Genocide,1968
573,George Washington,2000
574,Germany Year Zero,1947
575,Gertrud,1964
576,"Ghidorah, the Three-Headed Monster",1964
577,Gimme Shelter,1970
578,Ginza Cosmetics,1951
579,Girl Shy,1924
580,Girl With Green Eyes,1964
581,Girlfriends,1978
582,"God Respects Us When We Work, but Loves Us When We Dance",1968
583,God's Country,1985
584,Gods of the Plague,1969
585,Godzilla,1954
586,Godzilla Raids Again,1955
587,Godzilla vs. Mechagodzilla,1974
588,Godzilla vs. Megalon,1973
589,"Godzilla, King of the Monsters!",1956
590,"Goke, Body Snatcher from Hell",1968
591,Gold and Glory,1953
592,Golden Demon,1954
593,Golden Eyes,1968
594,Gomorrah,2008
595,Gonza the Spearman,1986
596,Good Morning,1959
597,"Goodbye, Mr. Chips",1939
598,Grand Hotel,1932
599,Gray's Anatomy,1997
600,Great Expectations,1946
601,Green Dolphin Street,1947
602,Green for Danger,1947
603,Green Grow the Rushes,1951
604,Grey Gardens,1976
605,Guelwaar,1993
606,Gunga Din,1939
607,Guy and Madeline on a Park Bench,2009
608,Hairat,2017
609,Hamlet,1996
610,Hamlet,1948
611,Hamsun,1996
612,Hand in Hand,1989
613,Hands Over the City,1963
614,Hans Christian Andersen,1952
615,Hanzo the Razor: Sword of Justice,1972
616,Hanzo the Razor: The Snare,1973
617,Hanzo the Razor: Who's Got the Gold?,1974
618,Happy Anniversary,1962
619,Happy Together,1997
620,Harakiri,1962
621,"Harlan County, U.S.A.",1976
622,Harlan: In the Shadow of Jew Süss,2008
623,Harnessed Rhythm,1936
624,Harper,1966
625,"He Loves Me, He Loves Me Not",2002
626,He Who Gets Slapped,1924
627,Heart of a Dog,2015
628,Hearts and Minds,1974
629,Heat Wave,1991
630,Heaven Can Wait,1943
631,Heavens Above!,1963
632,Heifetz Master Class: Episode 1,1962
633,Heifetz Master Class: Episode 2,1962
634,Heifetz Master Class: Episode 3,1962
635,Heifetz Master Class: Episode 4,1962
636,Heifetz Master Class: Episode 5,1962
637,Heifetz Master Class: Episode 6,1962
638,Heifetz Master Class: Episode 7,1962
639,Heifetz Master Class: Episode 8,1962
640,Henry V,1944
641,Her Brother,1960
642,Here is Your Life,1966
643,Here's to the Young Lady,1949
644,Heroes for Sale,1933
645,High and Dizzy,1920
646,High and Low,1963
647,High Hopes,1988
648,High Sierra,1941
649,High Society,1956
650,Higher and Higher,1943
651,Himiko,1974
652,"Hiroshima, Mon Amour",1959
653,His Royal Slyness,1920
654,History Is Made at Night,1937
655,Hitler's Hollywood,2017
656,Hobson's Choice,1954
657,Home,2016
658,Honeysuckle Rose,1980
659,Honky Tonk,1941
660,Hoop Dreams,1994
661,Hopscotch,1980
662,Horror of Dracula,1958
663,Hot Pepper,1973
664,Hot-Toe Mollie,1930
665,Hotel,1967
666,Hotel du Nord,1938
667,Hotel Monterey,1972
668,Hour of the Wolf,1968
669,House,1977
670,How Some Jellyfish are Born,1960
671,How to Get Ahead in Advertising,1988
672,"Humain, Trop Humain",1973
673,Human Voice,2014
674,Humanity and Paper Balloons,1937
675,Humoresque,1946
676,Hunger,2008
677,Hunger,1974
678,Hunter in the Dark,1979
679,Hyas and Stenorhynchus,1927
680,Hydrangea,2017
681,Hyenas,1992
682,Hype!,1996
683,Häxan: Witchcraft Through the Ages,1922
684,I Am Curious - Yellow,1967
685,I Am Curious—Blue,1967
686,I Am Sam,2001
687,I am Waiting,1957
688,I Dood It,1943
689,I Fidanzati,1962
690,"I Flunked, But...",1930
691,"I Graduated, But...",1929
692,I Hate But Love,1962
693,I Knew Her Well,1965
694,I Know Where I'm Going!,1945
695,I Live In Fear,1955
696,I Married A Witch,1942
697,I Never Sang for My Father,1970
698,I See A Dark Stranger,1946
699,I Shot Jesse James,1949
700,I Vitelloni,1953
701,I Walked With A Zombie,1943
702,I Was a Teenage Zombie,1987
703,"I Was Born, But...",1932
704,I Will Buy You,1956
705,I'm All Right Jack,1959
706,Ich möchte kein Mann sein,1918
707,Identification of a Woman,1982
708,Ikiru,1952
709,Il Bidone,1955
710,Il Posto,1961
711,Il Sorpasso,1962
712,Immortal Love,1961
713,In Heaven There Is No Beer?,1984
714,In the Mood for Love,2000
715,In the Realm of the Senses,1976
716,In This Our Life,1942
717,In Vanda's Room,2000
718,In Which We Serve,1942
719,Incident by a Bank,2010
720,India: Matri Bhumi,1959
721,Indiscretion of an American Wife,1954
722,Ingrid Bergman in Her Own Words,2015
723,Innocence Unprotected,1968
724,Insiang,1976
725,Inside Daisy Clover,1965
726,Insignificance,1985
727,Insomnia,1997
728,Intentions of Murder,1964
729,Intermezzo,1936
730,Interview with Salvador Allende: Power and Reason,1973
731,Intimate Relations,1996
732,Intimidation,1960
733,Into the West,1993
734,Invasion of Astro-Monster,1965
735,Invitation to the Dance,1956
736,Ironfinger,1965
737,Isle of the Dead,1945
738,It Happened in Brooklyn,1947
739,"It's All Right, It's Ok",2017
740,It's Always Fair Weather,1955
741,Italian for Beginners,2001
742,"Ivan the Terrible, Part 1",1944
743,"Ivan the Terrible, Part 2",1958
744,Ivan's Childhood,1962
745,"IX Olympic Winter Games, Innsbruck 1964",1964
746,J.M. Mondesir,2012
747,Jaguar,1967
748,"James Stewart, Robert Mitchum: The Two Faces of America",2017
749,Japanese Girls at the Harbor,1933
750,Japanese Summer: Double Suicide,1967
751,Jar City,2006
752,"Je t'aime, je t'aime",1968
753,Je tu il elle,1975
754,"Jeanne Dielman, 23, quai du Commerce, 1080 Bruxelles",1975
755,Jellyfish Eyes,2013
756,Jezebel,1938
757,Jigoku,1960
758,Jimi Plays Monterey,1986
759,John's Gone,2010
760,Johnny Eager,1942
761,Jour De Fête,1949
762,Journey to Italy,1955
763,Jubilation Street,1944
764,Jubilee,1979
765,Judex,1963
766,Jules and Jim,1962
767,Juliet of the Spirits,1965
768,June Night,1940
769,Jungle Book,1942
770,Junkopia,1981
771,Just Neighbors,1919
772,Kabala,2002
773,Kaiju Bunraku,2017
774,Kaisha Monogatari: Memories of You,1988
775,Kanal,1957
776,Kaos,1984
777,Kapo,1959
778,Karen Cries on the Bus,2011
779,Katzelmacher,1969
780,Keep Your Powder Dry,1945
781,Keeper of the Flame,1943
782,Key Largo,1948
783,Kidnapped,1948
784,Kill!,1968
785,Killers On Parade,1961
786,King Kong,1933
787,King Solomon's Mines,1937
788,Kings of the Road,1976
789,Kitty,2016
790,Knife in the Water,1962
791,Knight Without Armour,1937
792,Koko Sees Spooks,1925
793,Koko: A Talking Gorilla,1978
794,Kramer vs. Kramer,1979
795,Kuroneko,1968
796,Kwaidan,1965
797,L'amore,1948
798,L'argent,1983
799,L'assassin Habite Au 21,1942
800,L'Atalante,1934
801,L'Avventura,1960
802,L'Eclisse,1962
803,L'enfance nue,1968
804,L'opéra-mouffe,1958
805,L.A. Woman,1987
806,La Balance,1982
807,La Boutique,1967
808,La Bête Humaine,1938
809,La Cambrure,1999
810,La Chambre,1972
811,La Chasse au Lion a l'arc,1965
812,La Chienne,1931
813,La Ciénaga,2001
814,La Collectionneuse,1967
815,La Commare Secca,1962
816,La Cérémonie,1995
817,La Grande Vadrouille,1966
818,La Haine,1995
819,La Jetée,1963
820,La Main du Diable,1943
821,La notte,1961
822,La Nuit de la Verite,2004
823,La Nuit de Varennes,1982
824,La Pointe Courte,1955
825,La Poison,1951
826,La Promesse,1996
827,La Punition,1962
828,La ronde,1950
829,La Strada,1954
830,La Terra Trema,1948
831,La Tete d'un Homme,1933
832,La Truite,1982
833,La Vie de Bohème,1992
834,"Lacombe, Lucien",1974
835,Lady Snowblood,1973
836,Lady Snowblood 2: Love Song of Vengeance,1974
837,Land of Milk and Honey,1971
838,Late Autumn,1960
839,Late Chrysanthemums,1954
840,Late Spring,1949
841,"Laugh, Clown, Laugh",1928
842,Law of the Border,1966
843,Le Amiche,1955
844,Le Beau Serge,1958
845,Le Bonheur,1965
846,Le Cercle Rouge,1970
847,Le Chant du Styrène,1959
848,Le ciel est à vous,1944
849,Le Deuxième Souffle,1966
850,Le grand amour,1969
851,Le Havre,2011
852,Le Magnifique,1973
853,Le Million,1931
854,Le notti bianche,1957
855,Le Petit Soldat,1963
856,Le Plaisir,1952
857,Le Samouraï,1967
858,Le Silence de la Mer,1949
859,Lemon,1969
860,Leningrad Cowboys Go America,1989
861,Leningrad Cowboys Meet Moses,1994
862,Les Cousins,1959
863,Les Dames Du Bois De Boulogne,1945
864,Les Enfants Terribles,1950
865,Les fiancés du pont Mac Donald ou (Méfiez-vous des lunettes...,1961
866,Les Girls,1957
867,Les Grandes Manoeuvres,1955
868,Les maîtres fous,1955
869,Les Mistons,1957
870,Les Misérables - Part 1: Tempest in a Skull,1934
871,Les Misérables - Part 2: The Thénardiers,1934
872,"Les Misérables - Part 3: Liberty, Sweet Liberty",1934
873,Les Portes de la nuit,1946
874,Les rendez-vous d’Anna,1978
875,Les Visiteurs du Soir,1942
876,Let There Be Light,1946
877,Let's Spend the Night Together,1983
878,Letter from Siberia,1957
879,Letter Never Sent,1959
880,Lettres d'Amour,1942
881,Lianna,1983
882,Lick the Star,1998
883,Life Is Sweet,1990
884,Lightning Sketches,1907
885,Lillehammer '94: 16 Days of Glory,1994
886,Lilly Turner,1933
887,Limbo,2016
888,Limelight,1952
889,Limite,1931
890,Lions Love (...And Lies),1969
891,Liquid Crystals,1978
892,Lira's Forest,2017
893,Little Women,1933
894,Liv and Ingmar,2012
895,Logorama,2009
896,Lola,1961
897,Lola,1981
898,Lola Montès,1955
899,Lolita,1962
900,Lon Chaney: Behind the Mask,1995
901,London After Midnight,1927
902,Lone Wolf and Cub #1: Sword of Vengeance,1972
903,Lone Wolf and Cub #2: Baby Cart at the River Styx,1972
904,Lone Wolf and Cub #3: Baby Cart to Hades,1972
905,Lone Wolf and Cub #4: Baby Cart in Peril,1972
906,Lone Wolf and Cub #5: Baby Cart in the Land of Demons,1973
907,Lone Wolf and Cub #6: White Heaven in Hell,1974
908,Long Live the Bride and Groom,1970
909,Look Back in Anger,1959
910,Looker,1981
911,Lord of the Flies,1963
912,Los Ojos Vendados,1978
913,Louie Bluie,1985
914,Love,1927
915,Love & Anarchy,1973
916,Love Affair,1994
917,"Love Affair, or the Case of the Missing Switchboard Operator",1967
918,Love Finds Andy Hardy,1938
919,Love in the Afternoon,1972
920,Love in the Time of Cholera,2007
921,Love Is Colder Than Death,1969
922,Love Me or Leave Me,1955
923,Love Old and New,1961
924,Love on the Run,1979
925,Love You More,2008
926,Lucky Partners,1940
927,Lumière d’été,1943
928,Lydia,1941
929,M,1931
930,Ma,2015
931,Madadayo,1993
932,Madame Bovary,1949
933,Madame Curie,1943
934,Madame Tutli-Putli,2007
935,Madeleine,1950
936,Madonna of the Seven Moons,1945
937,Mafioso,1962
938,Magnet of Doom,1963
939,Maidstone,1970
940,Major Barbara,1941
941,Major Dundee,1965
942,Mala Noche,1986
943,Mamma Roma,1962
944,Mammy Water,1953
945,Man Bites Dog,1992
946,Man Is Not a Bird,1965
947,Man of Aran,1934
948,Manderlay,2005
949,Mandi,1983
950,Manila in the Claws of Light,1975
951,Mannequin,1937
952,Manual of Arms,1966
953,Marathon,1993
954,Marius,1931
955,Marketa Lazarova,1967
956,Marriage - Italian Style,1964
957,Mary of Scotland,1936
958,Masculin Féminin,1966
959,Masques,1987
960,Master of the House,1925
961,Mata Hari,1932
962,Maxwell's Demon,1968
963,May Fools,1990
964,Maîtresse,1973
965,McCabe & Mrs. Miller,1971
966,Meantime,1984
967,Meek's Cutoff,2010
968,Meet Me in Las Vegas,1956
969,Memories of the Olympic Summer of 1952,1954
970,Memories of Underdevelopment,1968
971,"Memory for Max, Claire, Ida and Company",2005
972,Men Are Not Gods,1936
973,Merry Andrew,1958
974,Merry Christmas Mr. Lawrence,1983
975,Metropolitan,1990
976,Miao Miao,2008
977,Midnight Mary,1933
978,Mikey and Nicky,1976
979,Milky Way,1936
980,"Minutes, Episode 1: The Robbery",2017
981,"Minutes, Episode 2: Marty <3 Katie",2017
982,"Minutes, Episode 3: Parent Teacher",2017
983,"Minutes, Episode 4: Cory Comes to Christmas",2017
984,"Minutes, Episode 5: The Stop",2017
985,"Minutes, Episode 6: Native Stand Up",2017
986,Miracles of Thursday,1957
987,Mishima: A Life in Four Chapters,1985
988,Miss Julie,1951
989,Mister Johnson,1990
990,Mockery,1927
991,Modern Times,1936
992,"Moi, Un Noir",1958
993,Mon Oncle,1958
994,Mon Oncle Antoine,1971
995,Mon Oncle D'Amerique,1980
996,Mona Lisa,1986
997,Monkey Love Experiments,2014
998,Monsieur Hulot's Holiday,1953
999,Monsieur Verdoux,1947
1000,Monterey Pop,1968
1001,Moonlight Serenade,1997
1002,More,1969
1003,Morning for the Osone Family,1946
1004,Morning Glory,1933
1005,Moses and Aaron,1975
1006,Mother,1952
1007,Mother Kusters Goes to Heaven,1975
1008,Mother of George,2013
1009,Mothra vs. Godzilla,1964
1010,Mouchette,1967
1011,Movie Crazy,1932
1012,Mr. Arkadin (Comprehensive Version),2006
1013,Mr. Arkadin (Corinth Version),1962
1014,Mr. Blandings Builds His Dream House,1948
1015,Mr. Freedom,1969
1016,Mr. Lucky,1943
1017,Mr. Thank You,1936
1018,Mr. Wu,1927
1019,"Mrs. Brown, You've Got a Lovely Daughter",1968
1020,Mrs. Miniver,1942
1021,Mrs. Parkington,1944
1022,Mrs. Soffel,1984
1023,"Muhomatsu, the Rickshaw Man",1958
1024,Multiple Maniacs,1970
1025,Mur Murs,1980
1026,Murder Ahoy,1964
1027,Murder at the Gallop,1963
1028,Murder Most Foul,1964
1029,Murder She Said,1961
1030,"Muriel, or The Time of Return",1963
1031,Murmur of the Heart,1971
1032,Mutiny on the Bounty,1962
1033,My Beautiful Laundrette,1985
1034,My Brilliant Career,1979
1035,My Crasy Life,1992
1036,My Dinner with André,1981
1037,My Favorite Wife,1940
1038,My Home is Copacabana,1965
1039,My Josephine,2003
1040,My Life As A Dog,1985
1041,My Night At Maud's,1969
1042,My Winnipeg,2007
1043,Mysterious Object at Noon,2000
1044,Mystery,2013
1045,Mystery Train,1989
1046,Möbius,2017
1047,Münchhausen,1943
1048,Nacional III,1982
1049,Nadja in Paris,1964
1050,Nagano '98 Olympics: Bud Greenspan's Stories of Honor and...,1998
1051,Naked,1993
1052,Nanook of the North,1922
1053,Neapolitan Carousel,1954
1054,Needle,2013
1055,Neighbours,1952
1056,Nenette et Boni,1996
1057,Never So Few,1959
1058,Never Weaken,1921
1059,News from Home,1976
1060,Next Floor,2008
1061,Night and Fog,1955
1062,Night and Fog in Japan,1960
1063,Night Drum,1958
1064,Night Journey,1960
1065,Night Mayor,2009
1066,Night Nurse,1931
1067,Night of the Living Dead,1968
1068,Night on Earth,1991
1069,Nine Days of One Year,1962
1070,Ninotchka,1939
1071,Nishant,1976
1072,No Blood Relation,1932
1073,No End,1985
1074,No More Excuses,1968
1075,No Regrets for Our Youth,1946
1076,Nobody's Children,1952
1077,None but the Brave,1965
1078,North by Northwest,1959
1079,Not Reconciled,1965
1080,Nothing Sacred,1937
1081,Novio a la vista,1953
1082,"Number, Please?",1920
1083,"O Sport, You Are Peace!",1981
1084,Obsession,1949
1085,Ocean's 11,1960
1086,Odd Man Out,1947
1087,Odd Obsession,1959
1088,Of Mice and Men,1939
1089,"Oh, My Son!",1979
1090,Oil-Hell Murder,1992
1091,Old Joy,2006
1092,Old Man,2012
1093,Oliver Twist,1948
1094,Olympia Part One: Festival of the Nations,1938
1095,Olympia Part Two: Festival of Beauty,1938
1096,"Olympic Games, 1956",1956
1097,Olympic Glory,1999
1098,Olympic Spirit,1980
1099,On Demande Une Brute,1934
1100,On Golden Pond,1981
1101,Once Upon a Tractor,1965
1102,"One Light, One World",1992
1103,One Way Ticket to Love,1960
1104,One Wonderful Sunday,1947
1105,Onibaba,1964
1106,Only One Night,1939
1107,Opening Night,1976
1108,Operation Pacific,1951
1109,Ordet,1955
1110,Ornamental Hairpin,1941
1111,Orpheus,1950
1112,Osaka Elegy,1936
1113,Ossos,1997
1114,Othello,1952
1115,Our Dancing Daughters,1928
1116,Our Marriage,1961
1117,Our Modern Maidens,1929
1118,Our Time,1974
1119,Out of the Past,1947
1120,Outrageous!,1977
1121,Over the Moon,1939
1122,Overlord,1975
1123,Paisan,1946
1124,Pale Flower,1964
1125,Palermo Shooting,2008
1126,Panama Hattie,1942
1127,Pandora and the Flying Dutchman,1951
1128,Pandora's Box,1929
1129,Papillon,1973
1130,Parade,1974
1131,Paradise,2016
1132,Paraíso,2012
1133,Paris Belongs to Us,1961
1134,Paris Was a Woman,1995
1135,"Paris, Texas",1984
1136,Passage to Marseille,1944
1137,Passing Fancy,1933
1138,Passionless Moments,1983
1139,Pat and Mike,1952
1140,Pat Garrett and Billy the Kid,1973
1141,Pather Panchali,1955
1142,Pathfinder,1987
1143,Patrimonio Nacional,1980
1144,Paul Robeson: Tribute To An Artist,1979
1145,Pay Day,1922
1146,Pearls of the Deep,1966
1147,Pelle the Conqueror,1987
1148,Penelope,1966
1149,People of the Wind,1976
1150,People on Sunday,1930
1151,"People, Hopes, Medals",1960
1152,Peppermint Frappe,1967
1153,Period of Adjustment,1962
1154,Permanent Vacation,1980
1155,Persona,1966
1156,Personal Best,1982
1157,Pete's Haunted House,1926
1158,Petit à petit,1970
1159,Petulia,1968
1160,Phantom India - Episode Five: A Look at Castes,1969
1161,Phantom India - Episode Four: Dream and Reality,1969
1162,Phantom India - Episode One: The Impossible Camera,1969
1163,Phantom India - Episode Seven: Bombay,1969
1164,Phantom India - Episode Six: On the Fringes of Indian Society,1969
1165,Phantom India - Episode Three: The Indians and the Sacred,1969
1166,Phantom India - Episode Two: Things Seen in Madras,1969
1167,Phoenix,1947
1168,Phoenix,2014
1169,Pi,1998
1170,Pickle,2016
1171,Pickpocket,1959
1172,Picnic at Hanging Rock,1975
1173,Pigeons in the Square,1982
1174,Pigs and Battleships,1962
1175,Pina,2011
1176,Pitfall,1962
1177,Place de la Republique,1974
1178,Placido,1961
1179,Playtime,1967
1180,Pleasures of the Flesh,1965
1181,Plucking the Daisy,1956
1182,Poetic Justice,1972
1183,Poil de carotte,1932
1184,Port of Call,1948
1185,Portrait of Jason,1967
1186,Possessed,1947
1187,Possessed,1931
1188,Poto and Cabengo,1980
1189,Powwow Highway,1989
1190,Premature,2013
1191,Premiers desirs,1983
1192,Premonition Following an Evil Deed,1995
1193,"Presentation, or Charlotte and Her Steak",1960
1194,Pride and Prejudice,1940
1195,Primary,1960
1196,Princess from the Moon,1987
1197,Private Screenings: Liza Minnelli,2010
1198,Privates on Parade,1983
1199,Process Red,1966
1200,Profound Desire of the Gods,1968
1201,Purple Noon,1961
1202,Pussy,2016
1203,Pygmalion,1938
1204,Pépé le moko,1937
1205,Q Planes,1939
1206,Quadrille,1938
1207,Quadrophenia,1979
1208,Querelle,1982
1209,Rabindranath Tagore,1961
1210,Ramona,2015
1211,Ran,1985
1212,Random Harvest,1942
1213,Rashomon,1950
1214,Rebels of the Neon God,1992
1215,Record of a Tenement Gentleman,1947
1216,Red Beard,1965
1217,Red Desert,1964
1218,Redes,1936
1219,Rembrandt,1936
1220,Remorques,1941
1221,Rendez-vous,1985
1222,Repast,1951
1223,Requiem for a Dream,2000
1224,Return of the Prodigal Son,1966
1225,Return of the Scarlet Pimpernel,1937
1226,Return to Glennascaul,1951
1227,Revanche,2008
1228,Revenge,1989
1229,Rich and Famous,1981
1230,Richard III,1955
1231,Ride in the Whirlwind,1966
1232,Ride the High Country,1962
1233,River of Grass,1994
1234,Robinson Crusoe,1954
1235,Rocky VI,1986
1236,Rodan,1956
1237,Rodeo,1969
1238,Rome Open City,1945
1239,Romeo and Juliet,1936
1240,Ronin-Gai,1990
1241,Routine Pleasures,1986
1242,Rubber Band Pistol,1962
1243,Rude Boy,1980
1244,Running on Empty,1988
1245,Rupture,1962
1246,Rusty Knife,1958
1247,Rêves de poussière,2006
1248,Sabotage,1936
1249,Sada,1998
1250,Sadie McKee,1934
1251,Safe in Hell,1931
1252,Safety Last!,1923
1253,Saint Ralph,2005
1254,Salesman,1968
1255,Salt Lake City 2002: Bud Greenspan's Stories of Olympic Glory,2003
1256,Salvatore Giuliano,1962
1257,Salvo,2013
1258,Samurai I: Musashi Miyamoto,1954
1259,Samurai II: Duel at Ichijoji Temple,1955
1260,Samurai III: Duel at Ganryu Island,1956
1261,Samurai Rebellion,1967
1262,Samurai Saga,1959
1263,Samurai Spy,1965
1264,Sandakan No. 8,1974
1265,Sanders of the River,1935
1266,Sanjuro,1962
1267,Sans Soleil,1983
1268,Sanshiro Sugata,1943
1269,Sanshiro Sugata Pt 2,1945
1270,Sansho the Bailiff,1954
1271,Sapphire,1959
1272,Sapporo Winter Olympics,1972
1273,Satan's Brew,1976
1274,Saturday Night And Sunday Morning,1960
1275,Saute Ma Ville,1968
1276,Sawdust and Tinsel,1953
1277,Scandal,1950
1278,Scandal at Scourie,1953
1279,Scandal in Sorrento,1955
1280,Scanners,1981
1281,Scarecrow,1973
1282,Scattered Clouds,1967
1283,Scenes From A Marriage,1973
1284,Scenes from a Marriage: Episode 1,1973
1285,Scenes from a Marriage: Episode 2,1973
1286,Scenes from a Marriage: Episode 3,1973
1287,Scenes from a Marriage: Episode 4,1973
1288,Scenes from a Marriage: Episode 5,1973
1289,Scenes from a Marriage: Episode 6,1973
1290,Scents and Nonsense,1926
1291,Schizopolis,1996
1292,School for Postmen,1947
1293,Scrubbers,1982
1294,Sea Ballerinas,1956
1295,Sea Urchins,1954
1296,Sea Urchins,1928
1297,Seance on a Wet Afternoon,1964
1298,Sebastiane,1976
1299,Secret Honor,1984
1300,Secrets & Lies,1996
1301,Secrets of Women,1952
1302,Seduced and Abandoned,1964
1303,Seide,2015
1304,Sembene!,2015
1305,Sensation of the Century,1966
1306,Senso,1954
1307,Seoul 1988,1989
1308,Set Me Free,1999
1309,Seven Beauties,1975
1310,Seven Samurai,1954
1311,Sex and the Single Girl,1964
1312,Shadows,1959
1313,Shadows in Paradise,1986
1314,Shake!: Otis at Monterey,1986
1315,Shame,1968
1316,Shock Corridor,1963
1317,Shogun Assassin,1980
1318,Shoot the Piano Player,1960
1319,Shoulder Arms,1918
1320,"Shozo, a Cat and Two Women",1956
1321,Shrimp Stories,1964
1322,Si Nos Dejan,2012
1323,Silence,1972
1324,Similarities Between Length and Speed,1937
1325,Simon of the Desert,1965
1326,Sincere Heart,1953
1327,Sing a Song of Sex,1967
1328,"Sing, Young People!",1963
1329,Singin' in the Rain,1951
1330,Sisters,1973
1331,Sisters of the Gion,1936
1332,Six Men Getting Sick,1966
1333,Skulls and Sculls,1930
1334,Skunk,2014
1335,Slick Sleuths,1926
1336,Slightly Dangerous,1943
1337,Small Town Girl,1936
1338,Smiles of a Summer Night,1955
1339,Smithereens,1982
1340,Snow Trail,1947
1341,Snows of Grenoble,1968
1342,So Big,1932
1343,Socrates,1971
1344,Soigne ton Gauche,1936
1345,Solaris,1972
1346,Somewhere Beneath the Wide Sky,1954
1347,Son of Godzilla,1967
1348,Sonatine,1993
1349,Song of Love,1947
1350,Sophia Loren: Live from the TCM Classic Film Festival,2016
1351,Sound of the Mountain,1954
1352,Speedy,1928
1353,Spend It All,1972
1354,Spirits of the Dead,1968
1355,Spitfire,1942
1356,Split Screen: S1-E1,1997
1357,Split Screen: S1-E2,1997
1358,Split Screen: S1-E3,1997
1359,Split Screen: S1-E4,1997
1360,Split Screen: S1-E5,1997
1361,Split Screen: S1-E6,2000
1362,Split Screen: S10-E1,1999
1363,Split Screen: S10-E2,1999
1364,Split Screen: S10-E3,2000
1365,Split Screen: S10-E4,2000
1366,Split Screen: S10-E5,2000
1367,Split Screen: S10-E6,2000
1368,Split Screen: S10-E7,2000
1369,Split Screen: S2-E1,1997
1370,Split Screen: S2-E2,1997
1371,Split Screen: S2-E3,1997
1372,Split Screen: S2-E4,1997
1373,Split Screen: S2-E5,1997
1374,Split Screen: S2-E6,2000
1375,Split Screen: S3-E1,1998
1376,Split Screen: S3-E2,1998
1377,Split Screen: S3-E3,1998
1378,Split Screen: S3-E4,1998
1379,Split Screen: S3-E5,1998
1380,Split Screen: S3-E6,2000
1381,Split Screen: S4-E1,1998
1382,Split Screen: S4-E2,1998
1383,Split Screen: S4-E3,1998
1384,Split Screen: S4-E4,1998
1385,Split Screen: S4-E5,1998
1386,Split Screen: S4-E6,2000
1387,Split Screen: S5-E1,1998
1388,Split Screen: S5-E2,1998
1389,Split Screen: S5-E3,1998
1390,Split Screen: S5-E4,1998
1391,Split Screen: S5-E5,1998
1392,Split Screen: S5-E6,2000
1393,Split Screen: S6-E1,1998
1394,Split Screen: S6-E2,1998
1395,Split Screen: S6-E3,1998
1396,Split Screen: S6-E4,1998
1397,Split Screen: S6-E5,1998
1398,Split Screen: S6-E6,2000
1399,Split Screen: S7-E1,1999
1400,Split Screen: S7-E2,1999
1401,Split Screen: S7-E3,1999
1402,Split Screen: S7-E4,1999
1403,Split Screen: S7-E5,1999
1404,Split Screen: S7-E6,2000
1405,Split Screen: S8-E1,1999
1406,Split Screen: S8-E2,1999
1407,Split Screen: S8-E3,1999
1408,Split Screen: S8-E4,1999
1409,Split Screen: S8-E5,1999
1410,Split Screen: S8-E6,2000
1411,Split Screen: S9-E1,1999
1412,Split Screen: S9-E2,1999
1413,Split Screen: S9-E3,1999
1414,Split Screen: S9-E4,1999
1415,Split Screen: S9-E5,1999
1416,Split Screen: S9-E6,1999
1417,Spring Dreams,1960
1418,Springtime,1923
1419,Sprout Wings and Fly,1983
1420,Stage Door,1937
1421,Stagecoach,1939
1422,Stakeout,1958
1423,Stalker,1979
1424,Stars in My Crown,1950
1425,State of Siege,1972
1426,Step Lively,1944
1427,Stepping Out,1991
1428,Still Walking,2008
1429,Stingaree,1934
1430,Stolen Desire,1958
1431,Stolen Kisses,1968
1432,Story of a Prostitute,1965
1433,Story of Women,1988
1434,"Straits of Magellan: INGENIVM NOBIS IPSA PVELLA FECIT, Part I",1975
1435,"Straits of Magellan: Magellan at the Gates of Death, Part I...",1976
1436,Straits of Magellan: Pan 0,1964
1437,Straits of Magellan: Pan 1,1974
1438,Straits of Magellan: Pan 2,1970
1439,Straits of Magellan: Pan 3,1972
1440,Straits of Magellan: Pan 4,1968
1441,Straits of Magellan: Pan 697,1974
1442,Straits of Magellan: Pan 698,1973
1443,Straits of Magellan: Pan 699,1974
1444,Straits of Magellan: Pan 700,1969
1445,Straits of Magellan: Winter Solstice,1974
1446,Strange Brew,1983
1447,Strange Glory,1938
1448,Stranger Than Paradise,1984
1449,Stray Dog,1949
1450,Street of Love and Hope,1959
1451,Street of Shame,1956
1452,Street Smart,1987
1453,Street Without End,1934
1454,Strike,1925
1455,Stromboli,1950
1456,Stroszek,1977
1457,Studio One in Hollywood: Dark Possession,1954
1458,Studio One in Hollywood: Pontius Pilate,1952
1459,Studio One in Hollywood: The Arena,1956
1460,Studio One in Hollywood: The Strike,1954
1461,Studio One in Hollywood: Twelve Angry Men,1954
1462,Suddenly,1954
1463,Summer Hours,2008
1464,Summer Interlude,1951
1465,Summer of '42,1971
1466,Summer Stock,1950
1467,Summer with Monika,1953
1468,Summertime,1955
1469,Sumurun,1920
1470,Sunday in Peking,1956
1471,Sunflower,1970
1472,Sunnyside,1919
1473,Sunrise at Campobello,1960
1474,Superbia,2016
1475,Supermarket Woman,1996
1476,Sure-Locked Homes,1928
1477,Surface Tension,1968
1478,Susan Slept Here,1954
1479,Suspicion,1941
1480,Suzanne's Career,1963
1481,Swallowed,2016
1482,Swann in Love,1984
1483,Swedenhielms,1935
1484,Sweet Bird of Youth,1962
1485,Sweet Movie,1974
1486,Sweet Sweetback's Baadasssss Song,1971
1487,Sweetie,1989
1488,Swept Away,1974
1489,Swing Fever,1944
1490,Sword of the Beast,1965
1491,Sworn to the Drum: A Tribute to Francisco Aguabella,1995
1492,Sydney 2000: Stories of Olympic Glory,2001
1493,Sylvia and the Phantom,1946
1494,Sylvia Scarlett,1935
1495,Symbiopsychotaxiplasm: Take One,1968
1496,Syndromes and a Century,2006
1497,Taipei Story,1985
1498,Take a Chance,1918
1499,Take Aim at the Police Van,1960
1500,Tales of a Golden Geisha,1990
1501,Tampopo,1985
1502,Tanner '88 - Episode 10: The Boiler Room,1988
1503,Tanner '88 - Episode 11: The Reality Check,1988
1504,Tanner '88 - Episode 1: The Dark Horse,1988
1505,Tanner '88 - Episode 2: For Real,1988
1506,Tanner '88 - Episode 3: Night of the Twinkies,1988
1507,Tanner '88 - Episode 4: Moonwalker and Bookbag,1988
1508,Tanner '88 - Episode 5: Bagels with Bruce,1988
1509,Tanner '88 - Episode 6: Child's Play,1988
1510,Tanner '88 - Episode 7: The Great Escape,1988
1511,Tanner '88 - Episode 8: The Girlfriend Factor,1988
1512,"Tanner '88 - Episode 9: Something Borrowed, Something New",1988
1513,Taris,1931
1514,Taste of Cherry,1997
1515,Teeth,2015
1516,Tell It to the Marines,1926
1517,"Tell Me That You Love Me, Junie Moon",1970
1518,Tell No Tales,1939
1519,Terror of Mechagodzilla,1975
1520,Tess,1979
1521,That Forsyte Woman,1949
1522,That Hamilton Woman,1941
1523,That Night's Wife,1930
1524,That Uncertain Feeling,1941
1525,The 39 Steps,1935
1526,The 400 Blows,1959
1527,"The 47 Ronin, Part 1",1941
1528,"The 47 Ronin, Part 2",1941
1529,The Above,2015
1530,The Ace of Hearts,1921
1531,The Acquaintances of a Lonely John,2008
1532,The Adventures of Prince Achmed,1926
1533,The African Queen,1951
1534,The Age of the Medici - Episode 1: The Exile of Cosimo,1973
1535,The Age of the Medici - Episode 2: The Power of Cosimo,1973
1536,The Age of the Medici - Episode 3: Leon Battista Alberti:...,1973
1537,The Alphabet,1968
1538,The American Friend,1977
1539,The American Soldier,1970
1540,The Americanization of Emily,1964
1541,"The Amputee, Version 1",1974
1542,"The Amputee, Version 2",1974
1543,The Ascent,1976
1544,The Asphalt Jungle,1950
1545,The Atomic Submarine,1959
1546,The Audition,2012
1547,The Bachelor and the Bobby-Soxer,1947
1548,The Bad Sleep Well,1960
1549,The Bakery Girl of Monceau,1963
1550,The Ballad of Cable Hogue,1970
1551,The Ballad Of Narayama,1958
1552,The Baron of Arizona,1950
1553,The Barretts of Wimpole Street,1957
1554,The Battle of Algiers,1966
1555,The Battle of the Sexes,1960
1556,The Battleship Potemkin,1925
1557,The Beales of Grey Gardens,2006
1558,The Bells Go Down,1943
1559,The Best Intentions,1992
1560,The Best Years of Our Lives,1946
1561,The Big City,1963
1562,The Big Sleep,1946
1563,The Big Sleep,1978
1564,The Birth of Magellan: Cadenza I,1977
1565,The Bishop's Wife,1947
1566,The Bitter Tears of Petra von Kant,1972
1567,The Black Balloon,2012
1568,The Black Case,2014
1569,The Black Stallion,1979
1570,The Blob,1958
1571,The Blues Accordin' to Lightnin' Hopkins,1969
1572,The Body Snatcher,1945
1573,The Bomb Idea,1920
1574,The Boys From Brazil,1978
1575,"The Bridegroom, The Actress, and The Pimp",1968
1576,The Bridge,1959
1577,The Brood,1979
1578,The Browning Version,1951
1579,The Burden,2017
1580,The Burmese Harp,1956
1581,The Burning Hills,1956
1582,The Cage,2010
1583,The Candidate,1972
1584,The Cars That Ate Paris,1974
1585,The Cassandra Crossing,1977
1586,The Castle,1997
1587,The Castle of Sand,1974
1588,The Cat's Paw,1934
1589,The Catered Affair,1956
1590,The Ceremony,1971
1591,The Challenge,1938
1592,The Champ,1931
1593,The Children Are Watching Us,1944
1594,The Cincinnati Kid,1965
1595,The Circus,1928
1596,The Circus,1920
1597,The Color of Pomegranates,1969
1598,The Colour of His Hair,2017
1599,The Corsican Brothers,1941
1600,The Count of the Old Town,1934
1601,The Coward,1965
1602,The Cowboy and the Lady,1938
1603,The Cranes Are Flying,1957
1604,The Cremator,1969
1605,The Cross of Lorraine,1943
1606,The Curse of Frankenstein,1957
1607,The Damned Don't Cry,1950
1608,The Dance of Reality,2013
1609,The Day the Ponies Come Back,2000
1610,The Deadly Companions,1961
1611,The Death of Magellan: Gloria!,1979
1612,The Demon,1978
1613,The Devil and Daniel Webster,1941
1614,The Devil's Bride,1968
1615,The Devil's Eye,1960
1616,The Devils,1971
1617,The Divorce Of Lady X,1938
1618,The Doll,1919
1619,The Double Life of Véronique,1991
1620,The Drowning Pool,1975
1621,The Drum,1938
1622,The Eagle Shooting Heroes,1993
1623,The Ear,1970
1624,The Earrings of Madame de...,1953
1625,The Element of Crime,1984
1626,The Elephant God,1979
1627,The Emigrants,1971
1628,The Emperor Jones,1933
1629,The End of Summer,1961
1630,The Entertainer,1960
1631,The Eternal Rainbow,1958
1632,The Eternal Return,1943
1633,The Everlasting Flame,2010
1634,The Executioner,1963
1635,The Exterminating Angel,1962
1636,The Extraordinary Life of Rocky,2010
1637,The Fable of the Jolly Rounders,1923
1638,The Face Behind the Mask,1938
1639,The Face of Another,1966
1640,The Farmerette,1932
1641,The FBI Story,1959
1642,The Fire Within,1963
1643,The Firemen's Ball,1967
1644,The First Deadly Sin,1980
1645,The Flame and the Arrow,1950
1646,The Flavor of Green Tea Over Rice,1952
1647,The Flowers of St. Francis,1950
1648,The Fountain,2006
1649,The Four Feathers,1939
1650,The Fourth Dimension,1936
1651,The Fresh Lobster,1928
1652,The Freshman,1925
1653,The Front Page,1931
1654,The Funeral,1984
1655,"The Games of the V Olympiad Stockholm, 1912",2016
1656,The Garden of Women,1954
1657,The Gazebo,1960
1658,The Gentle Art of Japanese Extortion,1992
1659,The Getaway,1972
1660,The Ghost Goes West,1935
1661,The Girl I Loved,1946
1662,The Girl Who Kicked the Hornet's Nest,2009
1663,The Girl Who Played with Fire,2009
1664,The Girl with the Dragon Tattoo,2009
1665,The Gold of Naples,1954
1666,The Gold Rush,1942
1667,The Gold Rush,1925
1668,The Golden Coach,1953
1669,The Goldwyn Follies,1938
1670,The Good Fairy,1951
1671,The Grand Olympics,1961
1672,The Grandmother,1970
1673,The Grasshopper,1970
1674,The Great Beauty,2013
1675,The Great Dictator,1940
1676,The Great Escape,1963
1677,The Great Train Robbery,1978
1678,The Green Ray,1986
1679,The Happy Years,1950
1680,The Haunted Hotel,1907
1681,The Haunted Ship,1930
1682,The Haunted Strangler,1958
1683,The Headless Woman,2008
1684,The Helen Morgan Story,1957
1685,The Hero,1966
1686,The Hidden Fortress,1958
1687,The Hit,1984
1688,The Holy Man,1965
1689,The Holy Mountain,1973
1690,The Home and the World,1984
1691,The Honeymoon Killers,1969
1692,The Honeymoon Machine,1961
1693,The Horse in Focus,1956
1694,The Horse's Mouth,1958
1695,The House I Live In,1945
1696,The Housemaid,1960
1697,The Hudsucker Proxy,1994
1698,The Human Condition I: No Greater Love,1959
1699,The Human Condition II: Road to Eternity,1960
1700,The Human Condition III: A Soldier's Prayer,1961
1701,The Human Pyramid,1961
1702,The Hunchback of Notre Dame,1923
1703,The Idiot,1951
1704,The Idle Class,1921
1705,The Immortal Story,1968
1706,The Importance of Being Earnest,1952
1707,The Incredible Stranger,1942
1708,The Inheritance,1962
1709,The Insect Woman,1963
1710,The Inspector General,1949
1711,The IX Olympiad in Amsterdam,1928
1712,The Joke,1969
1713,The Junk Shop,1965
1714,The Kid,1921
1715,The Kid Brother,1927
1716,The Kid from Brooklyn,1946
1717,The Kid with a Bike,2011
1718,The Killing of a Chinese Bookie,1976
1719,The Killing of a Chinese Bookie (Director's Cut),1978
1720,The King of Kings,1927
1721,The King Without a Crown,1937
1722,The Kiss,1929
1723,The Lady and the Beard,1931
1724,The Lady Vanishes,1938
1725,The Lamp,1959
1726,The Last Dance,1993
1727,The Last Emperor,1987
1728,The Last Metro,1980
1729,The Last of England,1988
1730,The Last of Mrs. Cheyney,1937
1731,The Last Seduction,1994
1732,The Last Wave,1977
1733,The League of Gentlemen,1960
1734,The Leopard Man,1943
1735,The Life and Death of Colonel Blimp,1943
1736,The Life of Oharu,1952
1737,The Line King: The Al Hirschfeld Story,1996
1738,The Lion Has Wings,1939
1739,The Lion in Winter,1968
1740,The Little Foxes,1941
1741,The Living Magoroku,1943
1742,The Living Skeleton,1968
1743,The Lodger: A Story of the London Fog,1927
1744,The Loneliness of the Long Distance Runner,1962
1745,The Lonely Passion of Judith Hearne,1987
1746,The Long Day Closes,1992
1747,The Long Good Friday,1979
1748,The Long Voyage Home,1940
1749,The Lost Honor of Katharina Blum,1975
1750,The Love Goddesses,1965
1751,The Love Life of the Octopus,1967
1752,The Lovers,1958
1753,The Lower Depths,1957
1754,The Lower Depths,1936
1755,The Lure,2015
1756,The Lusty Men,1952
1757,The Machine That Kills Bad People,1952
1758,The Mackintosh Man,1973
1759,The Madwoman of Chaillot,1969
1760,The Maestro: King of the Cowboy Artists,1995
1761,The Magic Flute,1975
1762,The Magician,1958
1763,The Magnificent Seven,1960
1764,The Makioka Sisters,1983
1765,The Maltese Falcon,1941
1766,The Man Between,1953
1767,The Man in Grey,1943
1768,The Man in the Barn,1937
1769,The Man in the Iron Mask,1939
1770,The Man Upstairs,1992
1771,The Man Who Could Work Miracles,1936
1772,The Man Who Knew Too Much,1934
1773,The Man Who Left His Will on Film,1970
1774,The Man with the Golden Arm,1956
1775,The Marathon,1919
1776,The Marriage of Chiffon,1942
1777,The Marriage of Maria Braun,1978
1778,The Masseurs and a Woman,1938
1779,The Master of Ballantrae,1953
1780,The Match Factory Girl,1990
1781,The Mating Game,1959
1782,The Melbourne Rendez-vous,1957
1783,The Men Who Tread on the Tiger's Tail,1945
1784,The Merchant of Four Seasons,1971
1785,The Merry Widow,1934
1786,The Mikado,1939
1787,The Milkman,1930
1788,The Miniver Story,1950
1789,The Mirror,1975
1790,The Mirror Crack'd,1980
1791,The Model Couple,1977
1792,The Moment of Truth,1965
1793,The Moonshiners,2017
1794,The Most Beautiful,1944
1795,The Most Dangerous Game,1932
1796,The Mother,2012
1797,The Mountains of Mourne,2017
1798,The Mummy,1959
1799,The Music Room,1958
1800,The Mysterious Lady,1928
1801,The Naked City,1948
1802,The Naked Island,1960
1803,The Naked Kiss,1964
1804,The Neighbor's Wife and Mine,1931
1805,The New Land,1972
1806,The Night Heaven Fell,1958
1807,The Night Porter,1974
1808,The North Star,1943
1809,The Ocean Waif,1916
1810,The Octopus,1927
1811,The Old and the New,1929
1812,The Olympic Games as They Were Practiced in Ancient Greece,1924
1813,The Olympic Games Held at Chamonix in 1924,1924
1814,The Olympic Games in Paris 1924,1924
1815,"The Olympic Games, Amsterdam 1928",1928
1816,The Olympics in Mexico,1969
1817,The Omega Man,1971
1818,The Only Son,1936
1819,The Organizer,1963
1820,The Other Side of Hope,2017
1821,The Ouija Board,1920
1822,The Outlaw And His Wife,1917
1823,The Outrage,1964
1824,The Passage,2018
1825,The Passion of Anna,1969
1826,The Passion of Joan of Arc,1928
1827,The Passionate Friends,1949
1828,The Pearls of the Crown,1937
1829,The Penalty,1920
1830,The Perfect Game,1958
1831,The Petrified Forest,1973
1832,The Phantom Carriage,1921
1833,The Phantom Horse,1955
1834,The Phantom of the Opera,1925
1835,The Philadelphia Story,1940
1836,The Piano Teacher,2001
1837,The Picture of Dorian Gray,1945
1838,The Pilgrim,1923
1839,The Player,1992
1840,The Plough and the Stars,1936
1841,The Plumber,1979
1842,The Pornographers,1966
1843,The Portrait,1948
1844,The Postman Always Rings Twice,1946
1845,The Princess Yang Kwei Fei,1955
1846,The Prisoner of Zenda,1937
1847,The Private Life of Don Juan,1934
1848,The Private Life of Henry VIII,1933
1849,The Prize,1963
1850,The Public Enemy,1931
1851,The Pumpkin Race,1907
1852,The Purchase Price,1932
1853,The Rack,1956
1854,The Racket,1928
1855,The Raggedy Rawney,1988
1856,The Red Balloon,1956
1857,The Red Shoes,1948
1858,The Return of Bulldog Drummond,1934
1859,The Rise of Catherine the Great,1934
1860,The Rite,1969
1861,The River,1951
1862,The River Fuefuki,1960
1863,The Rocket From Calabuch,1956
1864,The Rocking Horse Winner,1949
1865,The Roman Spring of Mrs. Stone,1961
1866,The Rose on His Arm,1956
1867,The Rules of the Game,1939
1868,The Ruling Class,1972
1869,The Scandalous Adventures of Buraikan,1970
1870,The Scar,1976
1871,The Scarlet Pimpernel,1934
1872,The Sea Gull,1968
1873,The Sea Horse,1933
1874,The Sea of Grass,1947
1875,The Secret Life of Walter Mitty,1947
1876,The Secret of the Grain,2007
1877,The Seduction of Mimi,1972
1878,The Seventh Continent,1989
1879,The Seventh Seal,1957
1880,The Seventh Veil,1945
1881,The Shadow Within,1970
1882,The Ship That Died,1938
1883,The Shooting,1966
1884,The Shop Around the Corner,1940
1885,The Shopworn Angel,1938
1886,The Shower,2011
1887,The Silence,1963
1888,The Singing Nun,1966
1889,The Sleeping Beauty,2010
1890,The Smallest Show on Earth,1957
1891,The Snow Flurry,1959
1892,The Soft Skin,1964
1893,The Sorrow and the Pity (Part 1),1969
1894,The Sorrow and the Pity (Part 2),1969
1895,The Spirit of the Beehive,1973
1896,The Spy In Black,1939
1897,The Squall,1929
1898,The Squeaker,1937
1899,The Star,1953
1900,The Steamroller and The Violin,1961
1901,The Steel Helmet,1951
1902,The Sterile Cuckoo,1969
1903,The Stickleback's Egg,1925
1904,The Story of a Cheat,1936
1905,"The Story of ""The Jonker Diamond""",1936
1906,The Story of the Last Chrysanthemum,1939
1907,The Story of Three Loves,1953
1908,The Story of Vernon and Irene Castle,1939
1909,The Strange Love of Martha Ivers,1946
1910,The Strange Ones,2011
1911,The Stranger,1991
1912,The Stratton Story,1949
1913,The Struggle for Survival,1937
1914,The Student Prince in Old Heidelberg,1927
1915,The Suitor,1962
1916,The Sun's Burial,1960
1917,The Sword of Doom,1966
1918,The Taking of Power by Louis XIV,1966
1919,The Taste of Others,2000
1920,The Tattered Wings,1955
1921,The Tempest,1979
1922,The Temptress,1926
1923,The Tender Trap,1955
1924,The Testament of Dr. Mabuse,1933
1925,The Thick-Walled Room,1956
1926,The Thief of Bagdad,1940
1927,The Thin Blue Line,1988
1928,The Third Shadow Warrior,1963
1929,The Thomas Crown Affair,1968
1930,The Three Musketeers,1948
1931,The Threepenny Opera,1931
1932,The Time Machine,1960
1933,The Times of Harvey Milk,1984
1934,The Tin Drum,1979
1935,The Treasure of the Sierra Madre,1948
1936,The Tree of Wooden Clogs,1978
1937,The Trial of Joan of Arc,1962
1938,The Trojan Women,1971
1939,The Umbrellas of Cherbourg,1964
1940,The Unholy Three,1930
1941,The Unknown,1927
1942,The Unsinkable Molly Brown,1964
1943,The Valley of Decision,1945
1944,The Vampire,1945
1945,The Vampire Bat,1933
1946,The Vanishing,1988
1947,"The VI Olympic Winter Games, Oslo 1952",1952
1948,The Virgin Spring,1960
1949,The Voice Thief,2013
1950,The Wages of Fear,1953
1951,The War of the Gargantuas,1966
1952,The War Room,1993
1953,The Warped Ones,1960
1954,The Watermelon Woman,1996
1955,The White Angel,1955
1956,The White Stadium,1928
1957,The Wicked Lady,1945
1958,The Wild Bunch,1969
1959,The Wildcat,1921
1960,The Wind Journeys,2009
1961,The Wings of Eagles,1957
1962,The Witch's Cat,1929
1963,The Woman in Question,1950
1964,The Woman Next Door,1981
1965,The Women,1939
1966,"The Wonderful, Horrible Life of Leni Riefenstahl",1993
1967,The World of Jacques Demy,1995
1968,The Wrong Arm of the Law,1962
1969,The X from Outer Space,1967
1970,The Yearling,1946
1971,The Young Girls of Rochefort,1967
1972,The Young Philadelphians,1959
1973,The Young Rebels,1980
1974,There Was a Father,1942
1975,These Boots,1993
1976,These Three,1936
1977,They Drive by Night,1940
1978,They Were Expendable,1945
1979,Things To Come,1936
1980,"Third Finger, Left Hand",1940
1981,Thirst,1949
1982,Thirst for Love,1967
1983,This Happy Breed,1944
1984,This Is Spinal Tap,1984
1985,This Man's Navy,1945
1986,This Sporting Life,1963
1987,Those Were the Days,1992
1988,Thousands Cheer,1943
1989,Three Cases of Murder,1955
1990,Three Colors: Blue,1993
1991,Three Colors: Red,1994
1992,Three Colors: White,1994
1993,Three Daughters,1961
1994,Three Little Words,1950
1995,Three Outlaw Samurai,1964
1996,Three Resurrected Drunkards,1968
1997,Throne of Blood,1957
1998,Through A Glass Darkly,1961
1999,Thru the Wire,1987
2000,Thus Another Day,1959
2001,Tie Me Up! Tie Me Down!,1990
2002,Tiger Bay,1959
2003,Till the Clouds Roll By,1946
2004,Time After Time,1979
2005,Time Bandits,1981
2006,Time Without Pity,1957
2007,Tiny Furniture,2010
2008,Titanic,1943
2009,To Be or Not to Be,1942
2010,To Have and Have Not,1944
2011,To Joy,1950
2012,Toby Dammit,1968
2013,Tokaido Yotsuya kaidan,1959
2014,Tokyo Chorus,1931
2015,Tokyo Drifter,1966
2016,Tokyo Olympiad,1965
2017,Tokyo Story,1953
2018,Tokyo Twilight,1957
2019,Tokyo-Ga,1985
2020,Tom Jones,1963
2021,Toni,1935
2022,Too Bad She's Bad,1955
2023,Top Secret Affair,1957
2024,Tord and Tord,2010
2025,Torment,1944
2026,Tormento,1950
2027,Torna!,1954
2028,Torrent,1926
2029,Total Balalaika Show,1994
2030,Touki Bouki,1973
2031,Tout va bien,1972
2032,Track 29,1988
2033,Tracked,1985
2034,Trafic,1970
2035,Tragedy of Japan,1953
2036,Trainspotting,1996
2037,Trances,1981
2038,Travels With My Aunt,1972
2039,Treasure Island,1934
2040,Treasure Island,1972
2041,Trikal,1985
2042,Trog,1970
2043,Tropical Malady,2004
2044,Tunes of Glory,1960
2045,Twenty-Four Eyes,1954
2046,Twin Peaks: Fire Walk With Me,1992
2047,Two Arabian Knights,1927
2048,Two English Girls,1971
2049,Two Girls and a Sailor,1944
2050,Two Tons of Turquoise to Taos Tonight,1975
2051,Two Weeks with Love,1950
2052,Two Women,1960
2053,Two-Way Stretch,1960
2054,Ugetsu,1953
2055,Umberto D.,1952
2056,Un carnet de bal,1937
2057,Un Flic,1972
2058,Uncle Boonmee Who Can Recall His Past Lives,2010
2059,Uncle Yanco,1967
2060,Under the Blossoming Cherry Trees,1975
2061,Under the Roofs of Paris,1930
2062,Under the Volcano,1984
2063,Undercurrent,1946
2064,Une chambre en ville,1982
2065,Une histoire d'eau,1961
2066,Une Parisienne,1957
2067,Unholy Three,1925
2068,Until They Sail,1957
2069,Up in Arms,1944
2070,Utamaro and His Five Women,1946
2071,Vacation From Marriage,1945
2072,Vagabond,1985
2073,Val Lewton: The Man in the Shadows,2007
2074,Valerie and Her Week of Wonders,1970
2075,Vampyr,1932
2076,Vendetta of a Samurai,1952
2077,Vengeance is Mine,1979
2078,Veronika Voss,1982
2079,Victim,1961
2080,Vingt-quatre heures de la vie d'un clown,1946
2081,Violence at Noon,1966
2082,Violent Cop,1989
2083,Viridiana,1961
2084,Visions of Eight,1973
2085,Vive le Tour!,1962
2086,Vivre Sa Vie,1962
2087,Voyage to the Sky,1937
2088,Véronique and Her Dunce,1958
2089,Walk Cheerfully,1930
2090,Walkabout,1971
2091,Walpurgis Night,1935
2092,"War and Peace, Part I: Andrei Bolkonsky",1966
2093,"War and Peace, Part II: Natasha Rostova",1966
2094,"War and Peace, Part III: The Year 1812",1966
2095,"War and Peace, Part IV: Pierre Bezukhov",1966
2096,War Requiem,1989
2097,Warrendale,1967
2098,Washingtonia,2014
2099,Wasp,2003
2100,Water,1985
2101,Watership Down,1978
2102,We're Going to the Zoo,2006
2103,Wedding Rehearsal,1932
2104,Wedding Ring,1950
2105,Weekend,1967
2106,Weekend,2011
2107,Welcome Danger,1929
2108,"Welcome, or No Trespassing",1964
2109,Wendy and Lucy,2008
2110,Werner Herzog Eats His Shoe,1980
2111,West of Zanzibar,1928
2112,West Point,1928
2113,Westward the Women,1951
2114,Westworld,1973
2115,What Did the Lady Forget?,1937
2116,What Price Hollywood?,1932
2117,When a Woman Ascends the Stairs,1960
2118,When Ladies Meet,1941
2119,When We Lived in Miami,2013
2120,Where East Is East,1929
2121,Where Is My Friend's House?,1987
2122,Where Now Are the Dreams of Youth?,1932
2123,Where the World Meets,1952
2124,White Mane,1952
2125,White Material,2009
2126,White Rock,1977
2127,White Vertigo,1956
2128,"Who Are You, Polly Maggoo?",1966
2129,Why Worry?,1923
2130,Wichita,1955
2131,Wife,1953
2132,Wild 90,1968
2133,Wild Boys of the Road,1933
2134,Wild Geese,1953
2135,Wild Strawberries,1957
2136,Wings,1966
2137,Wings of Desire,1987
2138,Winter Light,1962
2139,Wise Blood,1979
2140,With Beauty and Sorrow,1965
2141,Withnail and I,1986
2142,Without Limits,1998
2143,Without Love,1945
2144,Wittgenstein,1993
2145,Woman,1948
2146,Woman In The Dunes,1964
2147,Woman in Witness Protection,1997
2148,Woman of the Year,1942
2149,Woman of Tokyo,1933
2150,Women of the Night,1948
2151,Wonder Man,1945
2152,Wooden Crosses,1932
2153,Words and Music,1948
2154,World on a Wire: Part 1,1973
2155,World on a Wire: Part 2,1973
2156,Wot a Night,1931
2157,WR: Mysteries of the Organism,1971
2158,Wrong Move,1975
2159,Wuthering Heights,1939
2160,Xala,1975
2161,XIVth Olympiad: The Glory of Sport,1948
2162,Y Tu Mamá También,2001
2163,Yankee Doodle Dandy,1942
2164,Yearning,1964
2165,Yeelen,1987
2166,Yentl,1983
2167,"Yesterday, Today and Tomorrow",1963
2168,Yi Yi,2000
2169,Yojimbo,1961
2170,"Yotsuya Kaidan, Part One",1949
2171,"Yotsuya Kaidan, Part Two",1949
2172,You Owe Me One,2002
2173,You Were Like a Wild Chrysanthemum,1955
2174,Young and Innocent,1937
2175,Young Cassidy,1965
2176,Young Man With a Horn,1950
2177,Young Mr. Jazz,1919
2178,Young Torless,1966
2179,Youth In Fury,1960
2180,Youth of the Beast,1963
2181,Youth of the Son,1952
2182,Youth of the World,1936
2183,Yoyo,1965
2184,"Yum, Yum, Yum!",1990
2185,Z,1969
2186,Zatoichi #10: Zatoichi’s Revenge,1965
2187,Zatoichi #11: Zatoichi and the Doomed Man,1965
2188,Zatoichi #12: Zatoichi and the Chess Expert,1965
2189,Zatoichi #13: Zatoichi’s Vengeance,1966
2190,Zatoichi #14: Zatoichi’s Pilgrimage,1966
2191,Zatoichi #15: Zatoichi’s Cane Sword,1967
2192,Zatoichi #16: Zatoichi the Outlaw,1967
2193,Zatoichi #17: Zatoichi Challenged,1967
2194,Zatoichi #18: Zatoichi and the Fugitives,1968
2195,Zatoichi #19: Samaritan Zatoichi,1968
2196,Zatoichi #1: The Tale of Zatoichi,1962
2197,Zatoichi #20: Zatoichi Meets Yojimbo,1970
2198,Zatoichi #21: Zatoichi Goes to the Fire Festival,1970
2199,Zatoichi #22: Zatoichi Meets the One-Armed Swordsman,1971
2200,Zatoichi #23: Zatoichi at Large,1972
2201,Zatoichi #24: Zatoichi in Desperation,1972
2202,Zatoichi #25: Zatoichi’s Conspiracy,1973
2203,Zatoichi #2: The Tale of Zatoichi Continues,1962
2204,Zatoichi #3: New Tale of Zatoichi,1963
2205,Zatoichi #4: Zatoichi the Fugitive,1963
2206,Zatoichi #5: Zatoichi on the Road,1963
2207,Zatoichi #6: Zatoichi and the Chest of Gold,1964
2208,Zatoichi #7: Zatoichi’s Flashing Sword,1964
2209,"Zatoichi #8: Fight, Zatoichi, Fight",1964
2210,Zatoichi #9: Adventures of Zatoichi,1964
2211,Zazie Dans Le Metro,1960
2212,Zero Focus,1961
2213,Ziegfeld Follies,1946
2214,Ziegfeld Girl,1941
2215,Zorns Lemma,1970
2216,Zéro de Conduite,1933
2217,À propos de Nice,1930
2218,Ártún,2013
